User ID,Age,Gender,Activity Level (Steps),Sleep (round off Hours),Heart Rate (BPM),Weight (kg),Height(cm),Fitness Goals (Steps),,
1,23,Female,4853,2,146,75,240,17318,,
2,36,Female,21409,10,132,117,215,25660,,
3,33,Female,1290,8,76,72,238,6842,,
4,19,Female,30318,4,62,78,136,29678,,
5,30,Female,33151,10,126,58,145,34157,,Gender
6,37,Male,8704,5,118,51,149,43464,,Male
7,19,Female,26905,7,108,109,124,42334,,Female
8,27,Female,34568,7,88,55,238,3520,,
9,37,Female,1427,10,95,79,224,41055,,
10,32,Male,7838,3,138,68,204,17845,,
11,36,Female,30272,5,142,81,198,21274,,
12,31,Male,33934,2,91,66,196,28531,,
13,31,Female,26975,3,127,52,130,10317,,
14,26,Female,1865,5,92,114,218,36401,,
15,30,Female,35302,7,130,115,171,49504,,
16,40,Female,15915,8,55,70,229,47980,,
17,23,Female,18730,2,70,93,171,12404,,
18,26,Male,33156,6,123,90,149,44297,,
19,35,Female,11516,8,124,53,150,19593,,
20,39,Male,29553,3,145,58,151,47940,,
21,38,Male,34937,8,143,63,174,15566,,
22,40,Male,32175,7,106,69,223,36138,,
23,20,Female,2383,4,59,70,236,9696,,
24,26,Female,30878,6,62,117,174,16238,,
25,36,Female,18066,2,145,117,178,19630,,
26,29,Female,33951,6,65,56,142,21926,,
27,25,Male,36713,4,97,114,159,2148,,
28,27,Female,35387,10,71,82,222,26198,,
29,33,Female,15766,10,50,63,197,26676,,
30,24,Male,7176,10,107,84,139,8165,,
31,19,Male,9697,10,142,109,181,9606,,
32,22,Male,13873,4,149,45,214,40952,,
33,27,Male,36804,3,97,107,160,12347,,
34,25,Male,39603,7,133,63,176,14493,,
35,40,Female,10778,7,129,107,121,9271,,
36,28,Female,11989,4,114,115,240,23225,,
37,27,Female,32653,5,126,66,230,21997,,
38,19,Male,18525,7,57,119,142,5115,,
39,18,Male,39152,5,53,81,191,33955,,
40,28,Female,5808,7,116,90,226,12077,,
41,40,Female,29721,3,115,77,134,15871,,
42,23,Female,2564,6,114,102,157,32646,,
43,35,Female,27466,5,100,83,182,32500,,
44,33,Female,3386,7,73,70,139,16219,,
45,28,Male,36127,10,136,46,124,47018,,
46,32,Female,10754,4,71,50,226,45833,,
47,23,Female,38130,2,136,111,207,3282,,
48,28,Female,4916,5,141,87,122,9113,,
49,26,Male,24439,10,53,88,186,30580,,
50,26,Male,5061,5,125,64,156,14004,,
51,29,Male,31545,6,74,72,151,15290,,
52,34,Female,34481,4,52,54,150,34205,,
53,32,Male,19905,10,135,82,173,33641,,
54,32,Female,2945,9,55,115,150,45943,,
55,19,Female,18640,8,138,98,144,37451,,
56,35,Female,19686,3,119,78,171,15192,,
57,25,Female,38391,10,137,90,146,8731,,
58,35,Male,37371,2,63,112,161,5211,,
59,33,Female,21177,3,115,54,136,38677,,
60,37,Male,5567,8,56,71,158,44414,,
61,31,Female,21536,5,131,81,218,35648,,
62,19,Male,4849,8,95,74,143,43880,,
63,19,Male,25521,4,63,99,185,14301,,
64,28,Female,4115,2,118,109,138,35982,,
65,21,Female,33532,2,142,50,235,25167,,
66,20,Female,34603,8,67,72,169,3902,,
67,34,Female,25889,4,135,109,202,31293,,
68,35,Female,29572,8,61,87,132,23444,,
69,19,Female,34404,7,123,68,131,18757,,
70,37,Female,26748,3,111,51,237,18283,,
71,39,Male,13461,10,138,120,227,48917,,
72,21,Male,28280,7,102,92,221,30336,,
73,28,Male,38729,10,112,62,225,2348,,
74,33,Male,10655,10,109,119,160,34527,,
75,39,Male,2269,3,150,115,139,35213,,
76,32,Male,29375,8,95,90,183,34124,,
77,38,Female,24434,7,110,113,167,35737,,
78,35,Female,7097,6,79,54,171,44721,,
79,28,Male,33344,7,147,83,131,26896,,
80,39,Female,32927,3,128,93,210,31610,,
81,26,Female,33534,9,72,77,144,42150,,
82,19,Female,20747,4,133,97,137,35954,,
83,40,Male,33281,9,141,60,227,7040,,
84,23,Male,35307,5,72,72,166,45025,,
85,18,Female,20552,4,118,45,146,45000,,
86,36,Female,37752,2,68,46,225,15663,,
87,21,Female,7189,6,113,116,167,33112,,
88,24,Female,8597,8,130,52,150,34602,,
89,33,Male,15800,2,61,45,235,28858,,
90,23,Female,5715,4,111,73,195,14804,,
91,22,Male,17822,10,72,88,148,17682,,
92,40,Male,19695,6,101,75,220,9562,,
93,24,Male,23744,5,109,86,238,35113,,
94,29,Male,28308,5,57,104,135,31663,,
95,39,Female,18682,7,113,73,203,25364,,
96,36,Male,6492,8,56,88,213,3044,,
97,40,Female,22319,9,89,83,238,11816,,
98,24,Female,9979,7,70,114,145,18445,,
99,18,Female,35927,6,108,84,133,46249,,
100,32,Female,26047,7,143,50,172,13611,,
101,24,Female,35271,10,58,83,213,25676,,
102,40,Male,27861,7,136,61,150,39650,,
103,21,Male,28075,2,145,77,240,42382,,
104,35,Male,22065,4,123,64,205,28589,,
105,40,Male,37449,9,87,120,134,8135,,
106,18,Male,26851,4,140,114,159,21592,,
107,24,Female,10738,9,120,78,237,15509,,
108,21,Male,34238,2,72,62,224,24593,,
109,19,Female,7374,2,121,50,222,6987,,
110,37,Male,14215,5,84,113,228,42311,,
111,33,Male,35958,4,99,103,193,39601,,
112,40,Male,36078,5,75,49,235,12215,,
113,20,Female,7418,10,124,111,158,37926,,
114,29,Male,21595,9,84,113,204,24436,,
115,36,Female,28145,8,91,109,195,8356,,
116,36,Female,26802,2,111,46,179,34946,,
117,33,Female,36549,7,119,103,151,36947,,
118,33,Female,37350,8,104,87,156,6466,,
119,35,Female,14165,10,107,63,222,42165,,
120,22,Male,39595,9,100,92,238,27013,,
121,26,Male,31766,8,85,94,127,16481,,
122,23,Female,29430,8,58,78,177,48259,,
123,24,Female,32711,10,50,90,151,40698,,
124,18,Female,29187,7,100,59,180,12945,,
125,18,Female,37193,2,121,103,194,5627,,
126,18,Female,14669,6,136,85,169,2396,,
127,26,Female,23831,3,148,47,199,20572,,
128,38,Male,35147,10,124,71,198,37261,,
129,23,Male,33105,8,145,72,171,3849,,
130,34,Male,1358,4,79,91,231,14454,,
131,33,Female,7293,8,96,115,198,26229,,
132,34,Male,23573,5,139,97,147,45787,,
133,24,Male,15228,3,96,92,229,29961,,
134,36,Male,6342,6,84,94,197,14046,,
135,35,Female,14349,6,57,70,157,10430,,
136,40,Male,16042,3,70,45,137,12752,,
137,31,Male,10166,2,85,91,191,28237,,
138,19,Male,16526,4,97,90,146,32902,,
139,38,Male,37478,2,87,110,154,4511,,
140,23,Male,35613,7,114,111,228,15876,,
141,38,Male,3995,7,66,67,227,4958,,
142,38,Female,14774,8,50,111,138,24054,,
143,18,Female,15759,8,63,109,232,49725,,
144,36,Female,13567,3,82,81,213,49296,,
145,25,Female,38830,10,136,93,198,7667,,
146,28,Male,7497,4,128,84,189,5629,,
147,34,Female,22728,3,117,61,125,43805,,
148,32,Male,1204,4,97,77,229,35283,,
149,36,Female,21518,6,85,46,172,17930,,
150,39,Male,38991,6,121,65,225,29529,,
151,37,Male,3813,6,124,112,214,47064,,
152,28,Female,38542,8,134,106,175,22332,,
153,24,Male,14567,5,138,96,123,18352,,
154,33,Female,26637,7,64,87,192,7701,,
155,33,Male,14870,6,103,80,189,10084,,
156,35,Male,5140,8,79,98,168,43258,,
157,35,Male,27942,5,118,73,223,32107,,
158,27,Female,32489,2,80,68,165,40533,,
159,31,Male,13733,9,77,106,157,42330,,
160,35,Male,26465,4,67,82,147,40611,,
161,36,Male,36525,8,61,79,229,18193,,
162,23,Male,24510,10,88,60,215,39265,,
163,39,Male,29318,4,137,112,170,29678,,
164,31,Male,11251,5,59,61,207,7789,,
165,31,Male,27738,6,108,101,130,42140,,
166,40,Female,7851,10,138,90,189,29184,,
167,27,Male,35427,2,103,56,183,37171,,
168,33,Male,22241,2,148,106,236,2846,,
169,19,Female,3174,3,121,108,161,17869,,
170,34,Male,31964,2,145,49,171,10707,,
171,21,Male,17158,8,103,120,210,36973,,
172,22,Female,7386,9,133,86,233,24110,,
173,35,Male,2980,7,137,116,156,43880,,
174,34,Female,34156,2,90,76,207,49341,,
175,31,Female,12673,7,61,109,144,24773,,
176,25,Male,31200,3,118,82,156,28317,,
177,37,Female,2247,7,74,109,141,23935,,
178,19,Male,9311,3,150,83,170,18840,,
179,28,Female,32995,7,148,59,125,26614,,
180,21,Male,16353,6,125,100,210,47110,,
181,32,Male,36792,7,139,98,153,36900,,
182,31,Female,38971,3,58,99,144,38780,,
183,38,Male,5533,6,56,52,233,44345,,
184,22,Female,25909,8,89,51,164,40316,,
185,29,Male,6379,7,104,81,200,2366,,
186,22,Female,39785,6,147,69,204,24067,,
187,38,Male,19182,10,148,111,152,49643,,
188,26,Male,18653,7,71,120,142,14570,,
189,32,Female,20751,5,102,65,188,2183,,
190,22,Male,38502,6,64,85,133,27832,,
191,33,Female,39002,8,51,117,126,49772,,
192,37,Male,22992,3,111,114,206,9419,,
193,18,Male,8693,3,104,52,196,27004,,
194,35,Female,33185,9,134,107,153,18459,,
195,21,Male,1842,10,137,102,142,13008,,
196,31,Female,37631,3,148,76,130,26189,,
197,27,Male,26875,9,82,76,172,49427,,
198,25,Male,25154,5,50,107,185,2388,,
199,39,Male,28666,4,122,98,227,17846,,
200,19,Female,36944,5,90,71,211,23484,,
201,38,Female,26247,6,129,81,185,21320,,
202,28,Female,26380,6,126,71,139,10686,,
203,37,Male,21786,5,61,118,235,25892,,
204,38,Female,23388,4,80,105,146,15298,,
205,33,Male,16464,8,108,80,228,28379,,
206,24,Male,38573,9,51,65,152,25232,,
207,21,Female,27875,10,123,88,123,13539,,
208,33,Female,39676,5,65,101,181,35334,,
209,18,Male,33055,3,81,89,202,49950,,
210,31,Male,32079,3,116,46,191,29732,,
211,35,Male,30243,6,91,59,151,32280,,
212,26,Male,39576,3,114,116,186,42238,,
213,29,Female,24910,6,147,64,183,22671,,
214,20,Female,19946,3,54,92,120,31626,,
215,38,Male,36683,9,117,64,173,37736,,
216,26,Male,25256,9,64,80,173,15053,,
217,32,Female,11127,7,140,94,182,16421,,
218,26,Female,35052,5,61,52,166,25333,,
219,25,Male,28032,6,96,115,173,25220,,
220,19,Female,18900,4,113,119,120,46318,,
221,31,Male,21270,7,77,50,209,36570,,
222,30,Male,34120,7,132,81,185,23094,,
223,26,Male,26588,2,74,74,183,22878,,
224,39,Female,16095,7,70,107,197,45840,,
225,34,Male,5739,3,51,72,205,35535,,
226,34,Male,3707,5,106,79,162,35092,,
227,31,Male,34549,5,71,96,167,38205,,
228,40,Female,39974,9,104,89,199,17290,,
229,21,Female,16208,5,65,116,211,29078,,
230,38,Female,10807,8,128,90,178,3334,,
231,33,Female,25813,4,62,50,202,17943,,
232,20,Male,12544,3,108,82,212,10351,,
233,36,Female,2858,5,142,117,185,24811,,
234,21,Male,28702,3,110,115,239,40175,,
235,35,Male,28721,3,76,90,165,33120,,
236,27,Female,20843,9,108,54,162,23299,,
237,30,Male,26597,4,56,119,177,21840,,
238,19,Male,37944,8,117,68,160,20200,,
239,40,Male,2649,9,61,101,220,40216,,
240,37,Female,14635,5,106,61,172,14470,,
241,29,Female,2445,7,126,99,204,47455,,
242,33,Female,7990,2,148,88,121,47560,,
243,34,Female,13810,7,100,113,216,8181,,
244,39,Female,35321,7,111,52,130,24207,,
245,34,Male,21875,2,123,88,231,19282,,
246,25,Male,26985,6,80,73,132,17693,,
247,28,Female,35128,9,93,72,231,43264,,
248,34,Male,20458,7,100,95,238,19447,,
249,27,Male,8080,2,107,52,191,23274,,
250,40,Male,23496,5,106,48,167,36754,,
251,25,Male,16696,2,95,53,204,37322,,
252,32,Male,10955,2,67,76,199,35278,,
253,27,Male,25979,5,130,76,125,19414,,
254,27,Male,36675,7,64,91,217,29894,,
255,23,Female,17017,3,142,79,186,30578,,
256,26,Male,32387,10,90,93,201,45339,,
257,32,Male,14089,5,113,76,193,27986,,
258,19,Female,29310,8,81,99,234,44930,,
259,18,Male,37040,9,120,113,186,12439,,
260,29,Male,34263,4,147,76,170,18112,,
261,18,Male,12426,10,120,49,238,21750,,
262,31,Female,16592,8,122,114,173,12779,,
263,33,Male,31927,10,98,88,238,20304,,
264,40,Male,34148,9,59,53,123,16692,,
265,22,Female,3155,6,95,119,145,13352,,
266,24,Female,16093,2,53,59,202,4402,,
267,26,Female,10445,9,96,55,178,23967,,
268,32,Male,2566,8,54,94,138,39809,,
269,38,Male,19860,5,107,65,126,46767,,
270,37,Female,3512,2,139,83,155,13856,,
271,22,Female,2008,5,70,68,161,10499,,
272,32,Female,28453,2,115,108,195,13406,,
273,23,Male,16086,10,93,117,191,48576,,
274,35,Female,32095,3,116,75,160,14408,,
275,25,Male,15525,3,66,69,143,23185,,
276,22,Male,23545,9,99,106,173,5264,,
277,25,Female,28155,9,149,58,148,49351,,
278,29,Female,19377,3,102,111,209,47555,,
279,25,Female,35540,8,133,97,225,10361,,
280,22,Male,39692,10,117,78,188,21706,,
281,31,Female,14195,7,143,76,150,35405,,
282,39,Male,35957,3,148,67,124,13094,,
283,29,Female,28492,5,102,98,237,13720,,
284,27,Male,9363,10,73,61,238,7561,,
285,39,Male,2879,6,136,82,205,4662,,
286,40,Male,21412,5,74,63,223,16314,,
287,36,Male,21376,7,103,110,152,22866,,
288,38,Male,34888,2,109,61,199,20180,,
289,40,Female,5498,8,75,73,232,21370,,
290,40,Male,34226,4,79,112,214,35682,,
291,26,Male,20674,4,113,83,212,15677,,
292,20,Male,2966,3,85,49,201,49376,,
293,27,Male,18714,10,109,104,213,24865,,
294,32,Male,30698,2,61,106,180,29299,,
295,26,Male,31054,6,74,56,192,20236,,
296,19,Male,37928,2,142,48,207,47797,,
297,31,Male,18683,2,150,98,179,39605,,
298,18,Female,30234,6,95,73,152,48730,,
299,36,Male,34082,6,137,64,137,17819,,
300,24,Male,14915,9,53,120,200,12348,,
301,28,Female,31135,9,93,111,158,41138,,
302,33,Male,29217,2,94,60,196,42689,,
303,38,Male,18049,8,51,48,177,13704,,
304,33,Female,19775,6,89,64,217,8859,,
305,33,Female,25522,3,91,63,233,47677,,
306,28,Female,22768,10,62,57,160,42425,,
307,24,Female,35918,5,130,49,192,49255,,
308,25,Female,30853,10,144,113,170,43352,,
309,28,Male,6437,5,125,107,184,37438,,
310,31,Male,5192,5,71,85,135,13472,,
311,21,Female,4447,3,147,99,152,42986,,
312,20,Male,15155,10,73,66,135,37822,,
313,35,Male,39218,10,146,87,178,21872,,
314,37,Female,29709,10,72,76,229,18864,,
315,27,Female,25665,10,83,68,178,34063,,
316,19,Male,1465,10,120,47,184,2593,,
317,29,Female,37933,3,90,108,191,10417,,
318,37,Female,29242,5,124,70,157,42683,,
319,21,Male,5049,8,149,119,191,18904,,
320,19,Male,28944,2,146,66,233,2908,,
321,25,Male,1841,5,75,54,170,35369,,
322,24,Male,4526,3,150,60,159,6240,,
323,33,Male,20142,2,114,63,192,16286,,
324,35,Female,26542,4,131,86,129,38489,,
325,35,Female,7885,8,113,80,182,41962,,
326,29,Male,19651,9,96,58,234,44023,,
327,24,Female,1655,8,77,113,165,36618,,
328,19,Male,7232,10,116,72,215,3480,,
329,19,Male,19849,8,147,109,149,16741,,
330,40,Female,30340,7,67,86,166,48876,,
331,24,Female,19662,5,143,63,153,10739,,
332,25,Male,18483,10,71,80,172,46243,,
333,28,Male,2512,9,59,90,169,18768,,
334,40,Male,34809,6,64,87,167,21799,,
335,20,Female,17066,10,64,85,159,12872,,
336,20,Male,1814,9,101,116,221,32074,,
337,24,Female,34338,9,82,63,143,49222,,
338,31,Female,15924,8,148,103,181,39050,,
339,20,Female,29175,2,129,108,153,43066,,
340,21,Female,12375,10,57,80,125,3088,,
341,25,Male,6128,7,145,51,210,33404,,
342,33,Female,29587,10,133,92,147,38125,,
343,27,Male,36037,7,142,71,172,8717,,
344,24,Male,3556,2,142,61,134,8054,,
345,37,Female,11527,10,92,97,150,19173,,
346,33,Female,38858,6,67,52,218,36556,,
347,28,Male,23037,5,132,103,127,42483,,
348,33,Female,37474,6,140,117,177,17099,,
349,30,Female,23253,5,61,74,186,17295,,
350,28,Male,11227,8,65,96,188,17305,,
351,34,Female,37209,4,128,68,226,19136,,
352,30,Male,21894,9,117,52,231,9835,,
353,34,Female,32643,8,92,90,142,26193,,
354,40,Male,33709,7,83,70,129,5907,,
355,22,Female,24802,6,124,102,142,30646,,
356,34,Female,34706,2,123,68,213,42529,,
357,25,Male,32255,4,62,61,166,48064,,
358,22,Male,19003,3,75,87,202,27364,,
359,27,Female,19778,5,127,110,198,39011,,
360,22,Male,22434,2,148,111,219,16572,,
361,28,Female,23152,10,81,68,149,3300,,
362,37,Male,28947,6,136,45,220,25160,,
363,27,Male,15147,3,70,82,207,6080,,
364,25,Female,2552,10,65,80,122,42612,,
365,40,Male,2862,5,69,51,217,49668,,
366,21,Male,24726,4,146,68,229,10631,,
367,26,Female,35417,4,104,57,179,26875,,
368,39,Female,7392,2,70,79,226,18299,,
369,25,Female,2064,5,145,63,185,31634,,
370,27,Female,39979,10,121,89,240,16259,,
371,27,Male,14843,4,58,65,151,39607,,
372,35,Female,17412,7,94,47,176,48757,,
373,27,Male,24611,8,91,80,175,15772,,
374,39,Male,16863,6,63,107,219,11346,,
375,32,Male,11698,9,81,67,135,23875,,
376,31,Female,26337,10,123,46,124,21422,,
377,30,Male,25733,5,76,71,152,14107,,
378,36,Male,22497,2,122,56,120,26874,,
379,39,Female,36399,5,120,59,196,4206,,
380,30,Male,18287,5,139,90,207,9085,,
381,35,Female,18046,3,72,103,123,26789,,
382,32,Male,33834,6,118,62,137,40201,,
383,25,Male,21049,8,79,63,223,25394,,
384,26,Male,31489,2,73,79,227,16522,,
385,21,Male,24358,3,71,56,153,24444,,
386,35,Female,27037,9,140,55,133,41636,,
387,20,Male,36757,2,107,113,177,6760,,
388,40,Female,35435,2,81,52,231,3229,,
389,38,Male,31272,6,100,78,221,15030,,
390,29,Female,38758,4,147,78,230,23759,,
391,23,Female,20983,9,96,52,237,30770,,
392,39,Male,8539,9,78,113,142,35397,,
393,27,Female,12150,7,112,111,191,20052,,
394,32,Female,3430,10,69,112,167,40733,,
395,19,Female,13191,5,101,58,173,9098,,
396,24,Male,31289,6,72,57,217,20347,,
397,24,Female,28151,4,55,106,195,12401,,
398,23,Female,5710,3,71,104,215,10708,,
399,27,Male,12131,4,97,89,195,36533,,
400,23,Male,4728,5,68,50,220,4280,,
401,35,Male,30846,6,51,56,123,19155,,
402,34,Male,39565,8,120,103,206,27789,,
403,29,Male,4291,8,65,113,164,17796,,
404,35,Male,13811,6,61,48,123,45286,,
405,36,Male,34244,3,63,85,227,43082,,
406,28,Female,12272,5,137,119,212,2857,,
407,39,Male,10330,10,61,106,235,38625,,
408,31,Male,36654,9,76,85,142,24179,,
409,23,Male,15022,3,73,107,227,30627,,
410,35,Male,34606,10,55,96,191,48971,,
411,30,Male,1652,4,69,70,240,26167,,
412,38,Female,39076,5,138,74,163,9828,,
413,21,Female,34301,5,104,108,231,35627,,
414,23,Female,25923,10,149,100,159,38831,,
415,29,Female,18777,3,100,51,215,25012,,
416,27,Male,26055,9,63,107,123,41267,,
417,37,Female,11413,5,68,73,161,44968,,
418,25,Male,39628,6,111,104,215,45258,,
419,36,Female,21687,5,145,81,231,7863,,
420,18,Male,2733,3,90,120,167,41962,,
421,36,Female,38894,8,69,103,148,44924,,
422,33,Female,17555,10,80,89,125,18398,,
423,33,Male,1017,7,56,47,136,48150,,
424,39,Female,38539,6,124,61,164,42261,,
425,34,Female,24182,10,79,62,144,22852,,
426,36,Female,12288,7,127,112,233,15809,,
427,26,Male,11667,4,70,64,221,33553,,
428,33,Male,26692,4,120,73,239,18104,,
429,39,Male,6499,4,82,61,126,30448,,
430,36,Male,31179,8,78,52,142,15370,,
431,39,Male,21275,3,132,65,146,46719,,
432,22,Male,17984,7,145,89,121,49737,,
433,31,Male,15837,9,85,114,235,21704,,
434,35,Female,3995,9,89,120,207,22377,,
435,22,Male,14908,8,63,83,163,18087,,
436,26,Female,34111,8,68,90,195,27236,,
437,37,Female,19115,4,125,81,150,33253,,
438,33,Female,4579,6,108,61,186,15003,,
439,32,Male,26385,10,120,88,236,10088,,
440,33,Female,13108,6,74,69,201,20303,,
441,40,Male,18254,2,129,104,156,36708,,
442,28,Male,13704,2,69,87,151,8684,,
443,37,Female,15705,8,147,55,223,9608,,
444,21,Female,1592,4,150,51,156,7856,,
445,29,Male,27227,9,129,81,199,22127,,
446,35,Male,3498,5,104,86,235,39844,,
447,38,Female,1344,9,133,62,233,34929,,
448,22,Male,30413,10,125,105,215,48584,,
449,31,Male,5988,7,122,116,206,8719,,
450,24,Male,39294,7,105,112,214,44724,,
451,22,Male,25432,9,119,52,147,24030,,
452,32,Male,8145,10,98,111,208,46721,,
453,20,Female,10716,9,120,53,210,35360,,
454,27,Male,20609,4,117,103,226,7963,,
455,28,Female,31240,5,147,115,166,27415,,
456,38,Female,22514,7,87,75,196,43935,,
457,23,Female,12841,4,61,64,201,31505,,
458,40,Female,9161,3,72,80,207,33907,,
459,38,Male,5929,5,133,96,177,24326,,
460,31,Male,29290,4,55,100,227,8282,,
461,34,Female,8005,9,141,56,132,8559,,
462,25,Male,21345,7,79,95,144,23503,,
463,35,Female,7060,10,106,78,203,16467,,
464,29,Female,23558,4,75,70,135,26852,,
465,21,Female,7373,8,62,120,178,34737,,
466,37,Male,27478,10,127,64,228,44996,,
467,36,Female,16066,4,74,87,170,32079,,
468,26,Male,19421,2,87,79,149,7783,,
469,20,Male,21547,4,75,103,149,34944,,
470,36,Male,31364,9,125,61,134,35483,,
471,26,Female,9672,6,68,116,176,39454,,
472,18,Female,24226,5,91,88,194,43981,,
473,35,Male,27811,9,74,59,120,7197,,
474,38,Female,11250,5,127,55,148,42768,,
475,26,Female,2112,4,91,95,129,34700,,
476,24,Male,16256,3,78,89,138,36935,,
477,21,Male,12451,2,62,93,187,40565,,
478,39,Female,31199,7,145,106,192,20799,,
479,21,Male,36943,4,74,101,143,13803,,
480,40,Female,7544,5,93,105,169,8692,,
481,29,Male,33548,8,147,107,196,12622,,
482,18,Female,30129,7,56,54,163,11335,,
483,33,Male,27322,4,109,68,178,35784,,
484,24,Male,11006,4,50,111,163,39110,,
485,26,Male,11850,6,52,45,184,28879,,
486,38,Female,18381,10,149,97,240,35357,,
487,36,Female,10797,4,65,106,232,19952,,
488,20,Female,30492,3,112,65,222,26140,,
489,29,Female,32195,9,54,85,158,30621,,
490,34,Female,17612,3,117,54,238,36075,,
491,23,Male,29835,5,145,106,231,32025,,
492,27,Female,39596,6,117,56,178,15007,,
493,18,Female,35307,10,66,82,186,45121,,
494,31,Male,22085,3,74,115,203,17275,,
495,26,Female,35714,3,103,58,199,41086,,
496,18,Female,12120,4,143,87,169,45752,,
497,22,Female,36872,7,101,66,186,3105,,
498,33,Male,28077,2,58,53,214,18084,,
499,31,Male,1821,6,94,51,225,48124,,
500,29,Male,24061,10,50,57,224,39704,,
501,28,Male,3347,7,53,61,220,30910,,
502,34,Male,21081,9,67,99,227,6089,,
503,20,Female,31907,8,50,68,148,41082,,
504,30,Female,29687,7,105,57,203,48089,,
505,19,Female,3189,8,67,77,178,46682,,
506,19,Female,39793,6,52,60,176,3127,,
507,28,Male,10475,4,53,49,148,37139,,
508,29,Female,33970,4,139,115,170,36049,,
509,40,Female,36952,3,145,93,169,39526,,
510,22,Female,37546,2,115,105,227,13907,,
511,19,Female,21231,7,120,47,122,26119,,
512,19,Male,23011,2,145,48,206,17000,,
513,27,Male,22128,9,55,107,210,35424,,
514,20,Female,29848,3,54,120,229,6980,,
515,35,Male,37256,2,125,51,178,41711,,
516,27,Male,9463,4,144,73,130,25324,,
517,21,Male,24552,7,73,68,137,46292,,
518,27,Male,26022,4,109,55,174,44445,,
519,22,Female,13547,5,94,74,198,35378,,
520,20,Female,1049,8,146,92,201,16030,,
521,22,Male,1758,2,66,49,182,26475,,
522,27,Male,3652,3,85,117,207,7133,,
523,34,Female,11509,9,76,61,230,15593,,
524,27,Female,25295,5,110,75,136,4120,,
525,27,Male,18895,3,81,54,140,40509,,
526,22,Male,5563,3,78,72,143,47874,,
527,30,Female,11078,6,93,100,177,18266,,
528,36,Male,21412,3,135,119,126,27996,,
529,29,Male,30496,2,97,53,236,36919,,
530,31,Male,22431,2,131,117,211,14786,,
531,23,Female,34375,2,83,90,135,12939,,
532,36,Female,39945,3,62,93,185,48359,,
533,26,Male,28814,7,55,53,157,41363,,
534,36,Male,34869,3,110,74,124,43441,,
535,37,Male,34008,10,121,109,214,47619,,
536,39,Male,3302,10,131,54,223,44680,,
537,36,Female,11351,8,53,94,137,44344,,
538,25,Female,8873,8,66,57,127,9056,,
539,39,Female,18578,4,79,47,160,24769,,
540,39,Female,33692,4,104,91,225,9390,,
541,28,Female,3749,7,147,98,162,28267,,
542,30,Male,29937,7,140,81,131,29765,,
543,30,Female,2332,6,120,113,199,34300,,
544,22,Male,29117,10,61,98,146,41587,,
545,33,Male,13371,6,108,57,225,39558,,
546,29,Male,17876,10,110,105,196,7363,,
547,29,Male,7534,2,58,73,156,2064,,
548,23,Male,6232,6,102,120,211,3135,,
549,19,Female,38597,6,84,115,143,28051,,
550,33,Male,18547,2,107,77,203,34780,,
551,31,Male,20734,3,138,83,134,40645,,
552,25,Female,5666,4,137,70,225,12680,,
553,28,Female,27214,6,54,71,148,19871,,
554,38,Female,31019,9,100,87,223,29906,,
555,29,Female,28871,4,141,90,212,40924,,
556,39,Female,16202,8,122,49,203,25162,,
557,28,Female,17184,8,63,49,148,37452,,
558,39,Male,31599,8,80,98,144,45236,,
559,22,Male,23988,9,57,64,132,46188,,
560,21,Male,22781,2,71,87,235,12055,,
561,26,Male,5560,3,139,90,215,15400,,
562,22,Female,20212,10,138,106,167,16178,,
563,34,Male,24274,4,86,82,225,45219,,
564,38,Male,25714,7,146,106,203,12675,,
565,35,Male,28483,4,89,105,190,47332,,
566,28,Female,11105,9,106,112,126,47715,,
567,24,Female,12151,8,50,77,125,47105,,
568,28,Female,26748,6,82,59,160,17469,,
569,23,Male,25819,5,58,82,179,12818,,
570,28,Male,21680,6,129,85,122,3465,,
571,29,Male,17286,9,94,69,227,18182,,
572,20,Female,24765,3,85,54,146,6341,,
573,24,Female,13354,6,100,103,236,15078,,
574,32,Female,7391,10,142,81,124,41086,,
575,30,Male,8565,3,73,104,179,38812,,
576,33,Female,9828,5,116,69,170,18688,,
577,40,Male,32309,5,74,82,240,37001,,
578,36,Male,10188,7,135,113,196,25246,,
579,34,Male,27443,6,62,50,134,34375,,
580,32,Female,23106,3,86,119,155,28876,,
581,24,Male,34411,8,92,46,150,27603,,
582,40,Male,11773,4,72,50,206,36348,,
583,30,Female,14414,9,96,91,221,19154,,
584,26,Male,15831,7,57,83,235,25566,,
585,27,Male,28885,10,67,91,230,38994,,
586,33,Male,36196,6,107,50,176,15452,,
587,32,Female,28893,5,62,120,238,11461,,
588,29,Female,13955,3,57,99,204,29350,,
589,37,Male,36323,7,137,113,144,45389,,
590,32,Male,28785,2,121,78,194,23785,,
591,30,Male,9369,7,139,89,128,17631,,
592,20,Male,12481,10,54,93,191,38801,,
593,40,Female,3696,3,132,64,122,18747,,
594,25,Female,6343,5,61,53,135,16513,,
595,24,Male,27372,9,66,80,189,37235,,
596,29,Male,23632,3,102,94,210,14138,,
597,37,Male,1638,2,148,70,203,22021,,
598,27,Male,26718,8,103,50,185,43382,,
599,32,Male,18567,9,65,104,144,24081,,
600,27,Male,3040,6,50,99,229,38315,,
601,23,Female,8521,6,102,111,195,7057,,
602,36,Male,18442,9,123,93,141,41123,,
603,36,Male,27186,4,138,91,137,3331,,
604,18,Male,19986,8,123,98,240,17458,,
605,39,Female,12947,6,50,82,190,5639,,
606,22,Male,39047,4,81,52,137,26435,,
607,29,Male,2932,3,137,59,217,38278,,
608,39,Male,18442,5,84,88,156,8182,,
609,22,Male,5892,8,140,53,186,23137,,
610,31,Male,26896,10,150,72,138,5677,,
611,18,Female,20580,5,56,58,160,45063,,
612,27,Female,8220,9,117,107,221,8425,,
613,35,Female,14947,5,147,70,123,32750,,
614,24,Male,36002,7,128,98,178,48292,,
615,19,Female,2628,7,54,90,205,41869,,
616,24,Female,30897,10,144,47,126,29050,,
617,27,Male,3956,6,128,67,174,40274,,
618,18,Female,3199,5,104,80,168,21307,,
619,35,Male,24627,8,54,64,142,34818,,
620,27,Male,28466,8,99,68,236,35573,,
621,34,Female,15761,10,87,82,205,20831,,
622,36,Male,14361,10,101,87,179,12164,,
623,32,Male,37112,3,119,74,221,42090,,
624,20,Female,34706,2,150,59,144,48989,,
625,23,Female,33754,3,65,101,166,3992,,
626,19,Female,10960,3,147,111,134,44447,,
627,38,Male,5532,9,79,72,137,36455,,
628,26,Male,13208,10,113,73,237,9766,,
629,21,Male,33562,9,103,85,192,22170,,
630,34,Male,22237,7,79,93,153,3944,,
631,18,Male,16089,4,95,117,217,12702,,
632,24,Female,3766,4,111,107,161,11706,,
633,18,Female,1391,2,137,63,224,7185,,
634,34,Female,14589,5,58,87,164,12886,,
635,27,Female,7984,10,103,92,195,40139,,
636,18,Female,18428,7,112,76,208,26454,,
637,35,Female,1326,5,140,91,235,13379,,
638,27,Male,1400,10,132,100,220,25967,,
639,31,Female,3360,9,67,86,195,49586,,
640,24,Male,30002,6,92,57,151,25071,,
641,22,Male,3286,5,117,73,227,18613,,
642,24,Male,30587,3,123,87,127,21230,,
643,25,Female,36938,8,52,53,226,45045,,
644,34,Male,26060,5,136,49,155,28190,,
645,23,Male,8314,2,102,103,210,39009,,
646,33,Female,2446,6,96,66,196,37653,,
647,25,Male,15329,4,110,107,213,14412,,
648,23,Male,20682,6,71,72,125,24867,,
649,40,Female,25446,8,137,110,192,13244,,
650,38,Male,31096,8,116,62,135,5707,,
651,36,Female,28968,5,134,103,150,33379,,
652,30,Male,7114,7,94,107,161,20368,,
653,20,Male,18569,4,114,105,216,3716,,
654,25,Male,11835,9,110,83,121,42973,,
655,37,Female,27673,10,117,86,160,15872,,
656,36,Female,19386,9,80,78,154,32740,,
657,32,Female,24464,3,91,46,185,20862,,
658,23,Female,33127,10,98,54,169,4274,,
659,34,Female,26086,5,58,58,231,15147,,
660,21,Female,8592,5,149,111,185,49102,,
661,40,Male,10532,6,137,56,147,3414,,
662,31,Male,4608,3,104,114,173,24666,,
663,40,Female,15456,7,59,120,138,17846,,
664,36,Male,2065,4,59,102,145,7245,,
665,35,Female,32714,4,113,107,209,5360,,
666,24,Male,36647,10,97,72,233,5934,,
667,23,Male,11646,7,111,76,227,47106,,
668,26,Male,37019,10,53,75,161,26187,,
669,21,Female,9596,9,111,76,122,33837,,
670,21,Male,27309,8,64,80,132,17158,,
671,39,Female,17683,10,77,53,237,43995,,
672,22,Male,37461,3,70,46,124,26967,,
673,40,Male,17895,4,100,73,125,27197,,
674,21,Female,30418,4,127,66,199,47232,,
675,28,Male,8735,5,110,84,217,45342,,
676,33,Male,28221,5,79,76,236,26093,,
677,19,Female,2155,7,103,68,222,38970,,
678,38,Male,8420,6,118,82,159,46102,,
679,34,Male,32056,4,108,82,145,12189,,
680,24,Male,33828,6,145,77,232,20608,,
681,22,Female,16926,2,91,105,177,49404,,
682,23,Male,21282,2,80,54,213,25835,,
683,38,Male,37174,10,50,77,202,38914,,
684,24,Female,7701,4,62,60,207,11910,,
685,18,Male,2495,8,86,54,164,25774,,
686,27,Female,17348,2,84,82,206,10496,,
687,37,Female,23447,2,115,104,212,20219,,
688,28,Male,19731,9,57,94,146,47028,,
689,33,Male,20850,8,136,92,172,7631,,
690,38,Male,13298,4,101,85,155,9167,,
691,38,Female,3034,8,132,71,223,35990,,
692,18,Male,9707,9,115,85,229,23192,,
693,21,Female,7586,8,84,71,210,31640,,
694,35,Female,25747,5,127,108,148,27309,,
695,39,Male,27363,3,75,112,225,44219,,
696,33,Male,5358,2,66,84,221,28132,,
697,36,Female,33218,7,68,74,142,8633,,
698,23,Male,28890,2,105,83,166,4007,,
699,25,Male,33291,3,108,119,188,29921,,
700,38,Male,34857,8,120,78,214,46642,,
701,38,Female,13607,3,136,88,130,31020,,
702,30,Female,28731,8,75,118,171,42540,,
703,21,Female,27381,5,132,65,148,39252,,
704,21,Female,1605,4,149,101,134,9576,,
705,18,Male,32146,4,128,119,214,5640,,
706,30,Female,39945,10,120,48,197,37005,,
707,23,Male,22998,3,113,45,130,12693,,
708,28,Female,23925,6,88,54,188,2553,,
709,33,Female,4772,6,93,46,226,23658,,
710,23,Male,28270,8,103,75,177,20674,,
711,25,Female,36356,10,118,58,192,3488,,
712,29,Male,3902,10,121,45,171,20204,,
713,31,Male,4997,9,149,109,167,39070,,
714,30,Male,37514,3,63,65,174,16045,,
715,35,Male,19136,3,53,105,155,19186,,
716,34,Female,30146,4,133,82,163,3989,,
717,25,Male,29788,2,145,86,233,30879,,
718,38,Male,14798,2,87,112,120,20446,,
719,39,Female,1874,7,111,82,195,11406,,
720,20,Male,30521,10,132,59,145,5163,,
721,20,Female,39382,2,127,64,230,30993,,
722,22,Male,10533,6,67,64,235,6406,,
723,34,Female,33011,10,68,63,121,45685,,
724,39,Female,2134,10,117,54,164,49578,,
725,35,Male,23014,6,109,84,136,26349,,
726,18,Female,14846,9,89,72,198,4864,,
727,27,Male,24257,4,86,98,220,41467,,
728,18,Female,2824,6,61,101,188,31650,,
729,34,Female,34929,6,145,51,233,5804,,
730,20,Female,3744,4,133,93,160,31636,,
731,27,Male,27835,8,91,53,195,34075,,
732,34,Male,3289,7,62,99,237,2913,,
733,18,Male,12145,6,74,58,132,31763,,
734,35,Female,9221,8,123,85,216,13434,,
735,20,Female,20069,4,54,120,226,11693,,
736,34,Female,5717,7,66,69,151,18186,,
737,40,Female,14031,4,84,118,211,37537,,
738,24,Male,5721,5,60,82,170,9095,,
739,29,Female,18890,9,77,76,213,29163,,
740,27,Female,26273,6,131,88,175,3476,,
741,38,Female,38007,8,58,86,201,43892,,
742,38,Female,4051,3,108,77,136,40505,,
743,29,Male,1963,4,121,89,163,16593,,
744,29,Female,33255,9,53,56,224,26410,,
745,39,Female,30509,2,92,88,236,4243,,
746,36,Female,12676,2,99,84,224,10102,,
747,21,Male,38396,10,72,96,129,4559,,
748,27,Male,13929,3,106,67,163,26004,,
749,23,Male,18759,8,112,84,188,47418,,
750,27,Male,39710,4,116,48,220,31689,,
751,20,Male,10304,8,90,116,126,2859,,
752,25,Male,11143,2,68,111,181,6278,,
753,38,Female,10890,10,59,90,195,9906,,
754,33,Female,38462,7,108,59,167,38613,,
755,38,Male,38981,6,137,46,146,16560,,
756,34,Male,5750,8,52,48,230,5271,,
757,27,Female,34615,6,105,55,230,44016,,
758,40,Female,10435,9,60,115,176,38294,,
759,24,Female,28888,9,118,53,146,5289,,
760,31,Female,39632,2,140,109,150,9646,,
761,23,Female,28762,8,122,87,151,42290,,
762,34,Female,6940,4,116,80,212,22377,,
763,27,Female,14386,3,50,83,224,13460,,
764,31,Male,26737,2,129,112,230,35198,,
765,34,Female,36877,9,51,50,159,40091,,
766,26,Female,35178,2,99,85,135,5689,,
767,40,Female,31733,5,69,92,160,12358,,
768,37,Female,29994,3,115,47,155,27142,,
769,23,Male,1384,3,119,78,135,39180,,
770,33,Male,18632,5,136,68,190,2511,,
771,34,Male,1794,7,75,59,150,31749,,
772,31,Male,8261,4,64,50,124,19231,,
773,37,Male,22869,6,80,89,206,43639,,
774,23,Male,23968,3,134,84,142,27561,,
775,30,Male,5722,6,135,99,184,30893,,
776,34,Female,23618,6,62,118,159,7290,,
777,27,Male,30529,6,143,50,163,11465,,
778,23,Female,11315,8,57,46,132,39417,,
779,31,Female,29913,6,128,100,163,34613,,
780,37,Female,1299,9,139,73,178,32938,,
781,33,Male,12097,8,143,108,135,36640,,
782,29,Female,18853,2,131,62,207,37986,,
783,19,Male,37606,10,130,86,163,19260,,
784,25,Male,35395,8,148,82,216,4808,,
785,19,Male,6223,4,72,76,135,27465,,
786,28,Female,27996,8,129,64,179,36988,,
787,21,Female,8700,3,100,87,129,4185,,
788,40,Female,16111,8,130,108,159,31746,,
789,29,Female,26703,7,117,54,145,45444,,
790,20,Male,12189,9,103,67,197,37257,,
791,18,Female,17614,8,65,118,229,42542,,
792,39,Male,27918,4,95,73,122,33024,,
793,33,Female,26870,2,88,72,229,18971,,
794,35,Female,14408,3,106,45,168,35051,,
795,28,Male,34387,4,145,49,208,46989,,
796,22,Male,2258,8,111,69,134,44766,,
797,29,Female,16032,10,65,67,131,11572,,
798,24,Female,21837,4,121,119,225,39410,,
799,33,Female,3716,6,61,110,148,7098,,
800,25,Female,8712,6,96,95,144,23342,,
801,31,Male,39920,10,90,92,148,5426,,
802,21,Female,27981,5,128,51,204,43955,,
803,28,Female,33145,5,91,45,223,43993,,
804,22,Female,24542,9,107,45,186,39640,,
805,19,Female,25913,9,129,107,222,41383,,
806,26,Female,3553,4,149,85,150,45380,,
807,20,Female,38264,10,55,49,208,23987,,
808,30,Female,18467,6,130,91,237,18704,,
809,19,Female,3067,2,77,46,230,48679,,
810,20,Male,33912,2,134,47,208,43274,,
811,26,Male,16585,7,65,80,143,20742,,
812,34,Female,37215,4,52,90,140,47350,,
813,25,Female,25939,6,83,106,211,41025,,
814,26,Male,9615,9,111,114,239,21722,,
815,37,Male,12530,9,123,87,220,14655,,
816,35,Female,22013,3,93,97,232,19979,,
817,20,Male,3655,9,62,110,158,30751,,
818,18,Male,33792,8,53,53,178,10543,,
819,40,Male,8926,3,134,106,137,24978,,
820,30,Male,33590,8,108,107,183,43920,,
821,19,Female,26854,2,91,60,128,11132,,
822,40,Female,37481,8,56,92,210,20848,,
823,30,Male,28442,7,93,70,129,16349,,
824,37,Female,35521,9,77,96,148,20218,,
825,22,Male,17739,2,127,89,150,31064,,
826,38,Male,33936,9,121,47,177,49971,,
827,38,Male,2506,10,98,80,157,39198,,
828,33,Male,31888,8,121,96,152,9956,,
829,34,Male,37852,8,113,46,122,31684,,
830,34,Male,36018,4,52,75,218,14697,,
831,18,Female,39461,6,67,119,214,16684,,
832,33,Female,14147,5,118,115,168,5710,,
833,39,Male,14012,10,139,103,197,27549,,
834,36,Female,33334,4,87,102,155,31056,,
835,34,Female,35006,9,100,98,208,35590,,
836,40,Male,30932,5,150,60,238,24961,,
837,27,Female,8364,6,70,46,142,35475,,
838,22,Male,39601,10,141,116,222,33799,,
839,23,Female,19423,3,129,64,172,30803,,
840,26,Male,9120,6,119,87,203,2785,,
841,29,Female,25549,3,87,113,233,10083,,
842,34,Female,25909,5,62,47,132,31075,,
843,38,Male,23517,4,117,83,240,4777,,
844,18,Female,1045,7,74,52,214,25353,,
845,31,Female,25676,5,72,95,189,8636,,
846,19,Female,20121,5,140,60,145,15646,,
847,23,Female,6828,4,125,116,211,42568,,
848,29,Female,20977,9,123,118,217,21291,,
849,21,Female,17047,9,113,48,240,22695,,
850,38,Female,21471,9,68,45,182,7338,,
851,34,Female,14364,3,62,67,165,41813,,
852,37,Male,24262,9,63,60,133,19136,,
853,28,Male,35416,2,150,102,234,20628,,
854,37,Female,31695,7,50,99,223,26332,,
855,23,Male,5834,2,74,89,132,19214,,
856,40,Male,38454,2,74,99,214,45686,,
857,19,Male,9035,9,132,104,215,46973,,
858,35,Male,21564,10,120,107,194,17180,,
859,36,Male,35289,7,121,51,190,8860,,
860,34,Male,5692,8,87,94,129,26156,,
861,23,Female,38775,5,50,77,148,26166,,
862,35,Male,23615,4,144,116,149,43378,,
863,39,Female,7986,5,86,72,174,28918,,
864,22,Female,21240,6,101,59,161,44693,,
865,31,Female,33235,2,83,68,166,35103,,
866,34,Male,13104,4,53,117,135,11610,,
867,31,Female,33403,6,69,77,223,33998,,
868,40,Female,25671,7,80,81,154,32873,,
869,19,Male,14003,10,105,72,148,17499,,
870,30,Male,32847,3,93,105,218,35692,,
871,21,Male,18426,7,139,108,170,22698,,
872,37,Male,23595,7,119,53,238,30434,,
873,36,Male,10032,8,55,89,215,29000,,
874,32,Male,13487,7,57,47,236,16568,,
875,19,Male,2036,8,85,119,177,45587,,
876,31,Male,33018,9,90,95,144,22605,,
877,19,Male,28528,10,52,58,201,13482,,
878,19,Female,34100,2,102,93,235,32599,,
879,40,Female,19105,5,139,78,215,6106,,
880,19,Female,2544,4,124,45,192,18000,,
881,20,Female,38755,5,56,112,215,25940,,
882,39,Female,15576,3,95,118,193,39713,,
883,39,Male,19381,7,131,111,226,9632,,
884,18,Male,7539,10,83,55,155,10155,,
885,32,Female,3754,3,85,96,181,7888,,
886,26,Female,22280,9,145,90,182,29878,,
887,21,Female,6257,5,138,116,194,42128,,
888,22,Male,34139,3,120,67,186,36388,,
889,22,Male,2203,8,145,48,218,31148,,
890,30,Female,2745,3,115,46,134,12690,,
891,25,Female,9540,5,59,48,239,5592,,
892,31,Female,13608,4,78,49,180,21786,,
893,26,Male,8378,4,69,57,130,11386,,
894,34,Female,14849,6,103,102,155,24744,,
895,22,Female,15137,6,117,62,232,18741,,
896,22,Female,33012,2,124,75,155,17732,,
897,27,Female,9641,2,138,73,174,29780,,
898,37,Male,18894,7,81,115,208,42811,,
899,22,Male,21406,7,90,46,171,8047,,
900,24,Male,5440,2,139,83,228,21459,,
901,38,Male,15784,4,130,50,160,45627,,
902,28,Female,22405,5,81,106,121,3705,,
903,19,Male,15803,6,135,68,184,38572,,
904,30,Female,30213,5,118,54,125,27793,,
905,32,Female,14182,8,51,45,139,6729,,
906,31,Female,15092,9,80,57,147,12080,,
907,21,Male,36467,4,52,66,209,21688,,
908,39,Female,34418,4,139,79,187,36287,,
909,39,Male,20854,9,117,97,159,7877,,
910,39,Male,6509,9,126,56,216,7252,,
911,28,Female,2438,10,103,120,173,44073,,
912,33,Male,7043,9,53,67,140,16609,,
913,26,Male,31288,10,53,55,151,10693,,
914,32,Male,23288,8,88,58,206,21520,,
915,40,Male,3457,6,90,107,221,29057,,
916,35,Male,36560,6,83,71,228,26130,,
917,29,Female,17261,5,93,100,203,8642,,
918,34,Male,9560,4,87,69,130,23292,,
919,28,Female,23478,4,60,47,231,39676,,
920,25,Male,8384,10,129,72,138,8271,,
921,39,Male,15812,10,125,76,160,30951,,
922,31,Male,8239,3,90,118,159,22706,,
923,19,Male,27478,3,66,83,140,38467,,
924,28,Male,26006,6,52,51,131,14286,,
925,20,Male,9070,4,104,103,229,20695,,
926,20,Male,27258,10,87,91,181,49281,,
927,38,Female,26565,9,126,95,152,28344,,
928,30,Female,20734,6,82,64,165,28756,,
929,31,Female,24802,3,62,79,190,43272,,
930,38,Female,6581,5,102,80,134,14481,,
931,18,Female,26960,6,130,100,168,3548,,
932,31,Female,9117,5,99,117,167,48192,,
933,34,Female,6221,5,120,64,159,41980,,
934,40,Female,22950,6,97,112,142,2990,,
935,22,Male,26073,8,68,80,202,39975,,
936,37,Female,6951,5,93,48,142,42738,,
937,36,Male,15995,6,66,62,203,17407,,
938,36,Male,1710,8,129,86,133,34758,,
939,34,Male,14640,10,118,49,204,21859,,
940,20,Male,35534,6,115,106,150,3090,,
941,37,Female,2218,5,72,59,176,18799,,
942,24,Male,24904,7,130,66,181,37843,,
943,37,Female,18736,5,129,71,229,17073,,
944,25,Male,31417,6,68,113,214,38344,,
945,21,Male,6721,7,104,103,156,26593,,
946,34,Female,6892,2,53,91,141,5364,,
947,34,Male,23397,3,118,47,205,31992,,
948,35,Male,32317,6,145,101,208,21597,,
949,31,Female,20103,2,112,113,234,35745,,
950,36,Female,23291,2,103,48,153,6752,,
951,19,Female,18618,3,65,117,190,7150,,
952,18,Female,29116,6,148,95,237,26761,,
953,22,Male,1648,7,133,87,156,35510,,
954,26,Female,19765,4,59,48,165,27870,,
955,31,Female,33619,3,102,70,238,16618,,
956,22,Male,13018,9,128,107,204,42097,,
957,33,Female,10527,6,60,86,138,42788,,
958,32,Female,17441,9,123,99,211,46407,,
959,38,Male,7463,7,129,105,158,19276,,
960,29,Female,29846,2,78,98,233,23663,,
961,29,Female,4583,7,131,75,149,11125,,
962,30,Male,28159,6,110,59,223,12314,,
963,20,Female,34465,7,110,46,166,2903,,
964,22,Male,15286,9,71,102,179,48917,,
965,28,Female,19513,5,148,46,172,33990,,
966,39,Male,27646,2,102,101,141,41937,,
967,25,Female,35160,3,69,117,124,18219,,
968,20,Female,20552,2,136,54,169,43360,,
969,36,Female,10264,5,61,99,209,4866,,
970,29,Male,22896,4,50,69,169,28794,,
971,37,Female,10171,3,53,71,209,27744,,
972,22,Male,27358,9,109,85,151,49204,,
973,21,Male,39209,10,139,102,170,20249,,
974,39,Female,12553,6,108,100,187,15904,,
975,37,Male,12852,5,142,115,133,13626,,
976,25,Female,3513,5,72,85,237,4643,,
977,38,Male,37852,4,79,83,212,10562,,
978,20,Female,21988,4,97,115,159,47834,,
979,33,Male,3278,10,55,91,207,7237,,
980,22,Female,17551,5,88,81,146,41459,,
981,37,Female,17727,9,101,63,219,14540,,
982,34,Male,32967,8,108,64,229,41546,,
983,36,Male,37952,2,58,71,154,21661,,
984,25,Female,37854,3,145,90,165,35236,,
985,31,Female,4570,7,149,89,123,38580,,
986,32,Female,3404,10,140,82,134,3488,,
987,28,Male,26428,10,149,115,214,37852,,
988,21,Female,34610,8,81,52,158,12647,,
989,18,Male,6885,6,72,85,211,20061,,
990,34,Male,37560,2,150,114,155,20205,,
991,30,Female,33062,8,107,73,170,24552,,
992,35,Male,22615,8,138,87,126,41803,,
993,34,Female,27691,10,127,85,225,42605,,
994,22,Male,4324,9,67,53,152,21102,,
995,19,Female,33107,9,111,106,198,36716,,
996,22,Male,5502,10,131,103,149,12836,,
997,33,Male,7419,3,111,109,174,23754,,
998,24,Male,20831,4,99,107,160,10909,,
999,19,Male,25573,7,136,49,191,17486,,